City,Lat,Lng,Max Temp,Humidity,Cloudiness,Wind Speed,Country,Date
margaret river,-33.95,115.0667,58.37,51,9,11.43,AU,2024-11-25
grytviken,-54.2811,-36.5092,34.39,83,100,6.73,GS,2024-11-25
kapuskasing,49.4169,-82.4331,30.29,100,100,4.61,CA,2024-11-25
saint-francois,46.4154,3.9054,47.64,94,100,4.61,FR,2024-11-25
yellowknife,62.456,-114.3525,19.42,94,100,18.41,CA,2024-11-25
kirensk,57.7853,108.1119,-4.92,96,89,6.55,RU,2024-11-25
foindu,7.4108,-11.5422,75.51,92,62,2.44,SL,2024-11-25
hamilton,39.1834,-84.5333,60.42,91,100,8.05,US,2024-11-25
ust-nera,64.5667,143.2,-26.91,100,9,5.08,RU,2024-11-25
badger,64.8,-147.5333,21.45,84,100,0.0,US,2024-11-25
gunjur,13.2019,-16.7339,75.27,94,0,5.75,GM,2024-11-25
vallenar,-28.5708,-70.7581,72.59,33,6,4.25,CL,2024-11-25
saipan,15.1355,145.701,88.5,79,20,19.57,MP,2024-11-25
pitimbu,-7.4706,-34.8086,77.85,75,4,8.39,BR,2024-11-25
vila velha,-20.3297,-40.2925,75.15,72,75,3.44,BR,2024-11-25
wamba,8.9333,8.6,70.88,25,11,4.56,NG,2024-11-25
mahavelona,-17.6848,49.5087,75.67,87,100,3.36,MG,2024-11-25
tura,25.5198,90.2201,58.87,87,20,3.94,IN,2024-11-25
petropavlovsk-kamchatsky,53.0452,158.6483,34.39,48,75,15.66,RU,2024-11-25
ushuaia,-54.8,-68.3,49.66,66,0,17.27,AR,2024-11-25
west island,-12.1568,96.8225,80.58,94,100,26.46,CC,2024-11-25
trincomalee,8.5711,81.2335,78.26,90,100,20.27,LK,2024-11-25
bethel,41.3712,-73.414,43.56,67,0,1.99,US,2024-11-25
vorgashor,67.5833,63.95,24.82,91,100,27.11,RU,2024-11-25
port-aux-francais,-49.35,70.2167,37.53,74,57,37.76,TF,2024-11-25
qaqortoq,60.7167,-46.0333,11.77,75,0,3.53,GL,2024-11-25
buala,-8.145,159.5921,86.81,68,63,5.14,SB,2024-11-25
hermanus,-34.4187,19.2345,60.8,65,100,21.52,ZA,2024-11-25
albany,42.6001,-73.9662,37.63,69,71,2.77,US,2024-11-25
puerto ayora,-0.7393,-90.3518,73.54,84,38,7.0,EC,2024-11-25
manokwari,-0.8667,134.0833,83.55,67,100,3.31,ID,2024-11-25
chonchi,-42.6128,-73.8092,53.11,89,50,3.67,CL,2024-11-25
olonkinbyen,70.9221,-8.7187,28.13,66,100,21.7,SJ,2024-11-25
bredasdorp,-34.5322,20.0403,60.58,64,100,16.24,ZA,2024-11-25
mantua,45.1667,10.7833,46.06,89,81,0.49,IT,2024-11-25
blackmans bay,-43.0167,147.3167,64.72,83,33,6.73,AU,2024-11-25
rakops,-21.0167,24.3333,73.22,62,93,8.39,BW,2024-11-25
tiksi,71.6872,128.8694,-0.44,72,62,23.26,RU,2024-11-25
tougan,13.0667,-3.0667,74.41,17,65,8.55,BF,2024-11-25
weno,7.4515,151.8468,85.95,79,75,6.91,FM,2024-11-25
fuglafjordur,62.244,-6.814,36.82,66,100,29.19,FO,2024-11-25
pariaman,-0.619,100.12,77.05,88,100,5.23,ID,2024-11-25
nemuro,43.3236,145.575,36.81,63,6,7.07,JP,2024-11-25
paseh,-7.1026,107.7641,74.82,81,99,2.68,ID,2024-11-25
huntsville,34.7304,-86.5861,69.67,77,100,15.99,US,2024-11-25
richards bay,-28.783,32.0377,75.13,79,76,16.6,ZA,2024-11-25
trairi,-3.2778,-39.2689,78.49,74,25,8.25,BR,2024-11-25
salalah,17.0151,54.0924,77.09,73,0,3.44,OM,2024-11-25
al kharijah,25.4514,30.5464,53.2,60,0,6.96,EG,2024-11-25
messaad,34.1543,3.5031,52.79,63,89,4.5,DZ,2024-11-25
collinsville,38.6703,-89.9846,45.95,75,100,16.11,US,2024-11-25
udachny,66.4167,112.4,-5.37,94,100,12.53,RU,2024-11-25
serdar,38.9764,56.2757,53.29,61,36,7.67,TM,2024-11-25
aydintepe,40.3894,40.1506,8.06,96,100,2.86,TR,2024-11-25
iqaluit,63.7506,-68.5145,10.13,67,75,11.5,CA,2024-11-25
edinburgh of the seven seas,-37.0676,-12.3116,56.08,73,94,14.05,SH,2024-11-25
kavaratti,10.5669,72.642,82.31,66,91,8.93,IN,2024-11-25
willowmore,-33.2926,23.4895,61.86,73,100,3.13,ZA,2024-11-25
cidade velha,14.9167,-23.6167,77.47,78,20,16.11,CV,2024-11-25
papatowai,-46.5619,169.4708,62.11,50,61,16.71,NZ,2024-11-25
hadibu,12.65,54.0333,78.06,68,57,9.19,YE,2024-11-25
longyearbyen,78.2186,15.6401,12.04,79,75,17.27,SJ,2024-11-25
tralee,52.2704,-9.7026,41.76,74,42,6.42,IE,2024-11-25
waitangi,-43.9535,-176.5597,56.79,93,43,15.73,NZ,2024-11-25
port mathurin,-19.6833,63.4167,76.44,73,13,16.8,MU,2024-11-25
huarmey,-10.0681,-78.1522,67.78,84,86,7.63,PE,2024-11-25
whitehorse,60.7161,-135.0538,9.37,71,75,3.44,CA,2024-11-25
namie,37.4833,141.0,49.98,78,84,5.88,JP,2024-11-25
novhorod-sivers'kyy,52.0058,33.2615,22.24,85,48,4.12,UA,2024-11-25
bodo,67.28,14.405,35.78,93,75,17.27,NO,2024-11-25
selfoss,63.9331,-20.9971,14.04,81,4,4.29,IS,2024-11-25
yermentau,51.6214,73.1069,18.14,82,13,11.65,KZ,2024-11-25
st. john's,47.5649,-52.7093,42.15,96,100,3.0,CA,2024-11-25
samitah,16.596,42.9444,81.16,70,0,4.52,SA,2024-11-25
talnakh,69.4865,88.3972,24.12,93,100,13.98,RU,2024-11-25
la cruz,23.9167,-106.9,74.35,63,56,7.61,MX,2024-11-25
zheleznodorozhnyy,55.7503,38.0042,26.15,75,100,7.94,RU,2024-11-25
opuwo,-18.0607,13.84,70.32,34,11,5.53,NA,2024-11-25
georgetown,5.4112,100.3354,78.73,93,20,0.0,MY,2024-11-25
jidong,45.2167,131.0833,32.04,94,100,9.93,CN,2024-11-25
pisco,-13.7,-76.2167,69.85,73,0,20.71,PE,2024-11-25
jalai nur,49.45,117.7,9.43,83,100,11.21,CN,2024-11-25
egilsstadir,65.2653,-14.3948,15.71,73,0,6.91,IS,2024-11-25
mersa matruh,31.3525,27.2453,61.0,59,75,25.32,EG,2024-11-25
uturoa,-16.7333,-151.4333,80.35,80,98,13.76,PF,2024-11-25
port lincoln,-34.7333,135.8667,76.41,58,89,14.2,AU,2024-11-25
port douglas,-16.4833,145.4667,81.3,61,5,7.2,AU,2024-11-25
newman,37.3138,-121.0208,59.04,79,100,8.99,US,2024-11-25
muheza,-5.1667,38.7833,73.18,94,42,2.75,TZ,2024-11-25
tazovsky,67.4667,78.7,17.44,89,72,15.95,RU,2024-11-25
nar'yan-mar,67.6713,53.087,31.39,92,100,30.0,RU,2024-11-25
balykshi,47.0667,51.8667,24.8,86,0,8.95,KZ,2024-11-25
colonia,50.9333,6.95,50.13,83,0,5.75,DE,2024-11-25
forbes,-33.3833,148.0167,89.47,22,100,14.94,AU,2024-11-25
acucena,-19.0731,-42.5464,62.2,91,83,2.62,BR,2024-11-25
kayangel,8.0823,134.7173,83.59,82,93,21.07,PW,2024-11-25
bilibino,68.0546,166.4372,-29.94,98,26,3.47,RU,2024-11-25
fort bragg,35.139,-79.006,64.24,59,0,5.75,US,2024-11-25
nova sintra,14.8667,-24.7167,78.37,76,15,10.96,CV,2024-11-25
ugoofaaru,5.6667,73.0,80.85,80,100,4.0,MV,2024-11-25
troitskiy,57.0603,63.7481,26.44,82,18,6.15,RU,2024-11-25
revda,56.801,59.9303,22.32,88,78,2.24,RU,2024-11-25
san rafael,-34.6177,-68.3301,78.39,31,0,5.17,AR,2024-11-25
junin de los andes,-39.9504,-71.0694,43.66,86,55,5.93,AR,2024-11-25
bardai,11.65,7.2333,63.54,28,11,8.59,NG,2024-11-25
enewetak,11.3474,162.3373,82.74,82,31,19.57,MH,2024-11-25
thunder bay,48.4001,-89.3168,30.18,100,100,3.44,CA,2024-11-25
homer,59.6425,-151.5483,39.09,78,100,11.5,US,2024-11-25
chirilagua,13.2203,-88.1386,85.75,86,7,1.9,SV,2024-11-25
sisimiut,66.9395,-53.6735,29.75,98,100,14.43,GL,2024-11-25
keflavik,64.0049,-22.5624,28.83,86,75,12.66,IS,2024-11-25
sume,-7.6717,-36.88,79.68,54,78,17.16,BR,2024-11-25
puerto natales,-51.7236,-72.4875,51.48,85,36,3.62,CL,2024-11-25
santo estevao,-12.4303,-39.2514,71.47,89,99,6.69,BR,2024-11-25
la'ie,21.6477,-157.9253,82.11,71,1,1.99,US,2024-11-25
adamstown,-25.066,-130.1015,72.57,78,33,17.98,PN,2024-11-25
namsos,64.4662,11.4957,33.71,93,75,10.36,NO,2024-11-25
ar rudayyif,34.3827,8.1555,52.23,69,0,3.62,TN,2024-11-25
lihue,21.9789,-159.3672,80.19,71,0,14.97,US,2024-11-25
sydney,-33.8679,151.2073,91.35,52,22,7.9,AU,2024-11-25
broken hill,-31.95,141.4333,84.92,41,85,14.07,AU,2024-11-25
guapi,2.5708,-77.8854,76.98,94,75,6.91,CO,2024-11-25
minas de marcona,-15.2119,-75.1103,58.01,81,72,12.97,PE,2024-11-25
tobelo,1.7284,128.0095,83.07,77,85,3.06,ID,2024-11-25
katsuyama,36.0617,136.501,56.66,61,67,11.23,JP,2024-11-25
sittwe,20.15,92.9,67.05,72,79,7.9,MM,2024-11-25
kerikeri,-35.2268,173.9474,72.61,45,53,6.13,NZ,2024-11-25
cockburn town,21.4612,-71.1419,80.69,83,76,21.68,TC,2024-11-25
happy valley-goose bay,53.3168,-60.3315,37.71,87,100,5.75,CA,2024-11-25
utrik,11.2278,169.8474,83.17,80,9,18.99,MH,2024-11-25
griffith,41.5284,-87.4237,48.06,78,100,13.8,US,2024-11-25
port blair,11.6667,92.75,82.44,83,75,4.61,IN,2024-11-25
ta`u,-14.2336,-169.5144,81.84,78,84,11.63,AS,2024-11-25
coron,11.9986,120.2043,83.01,72,72,2.3,PH,2024-11-25
stanley,54.868,-1.6985,41.02,82,99,19.57,GB,2024-11-25
hawaiian paradise park,19.5933,-154.9731,80.11,75,0,9.22,US,2024-11-25
saint-joseph,-21.3667,55.6167,71.98,83,37,9.17,RE,2024-11-25
aldinga beach,-35.2793,138.4604,83.08,56,100,10.38,AU,2024-11-25
vilyuchinsk,52.9306,158.4028,35.87,77,100,10.33,RU,2024-11-25
sur,22.5667,59.5289,74.75,72,0,5.21,OM,2024-11-25
sola,-13.8833,167.55,82.24,78,100,8.32,VU,2024-11-25
kodiak,57.79,-152.4072,36.91,81,0,3.44,US,2024-11-25
college,64.8569,-147.8028,21.18,79,100,0.0,US,2024-11-25
pingliang,35.5392,106.6861,25.27,35,21,2.64,CN,2024-11-25
coquimbo,-29.9533,-71.3436,63.99,66,0,9.22,CL,2024-11-25
beihai,21.4833,109.1,62.15,70,96,25.34,CN,2024-11-25
rongelap,11.1635,166.8941,82.99,81,21,19.51,MH,2024-11-25
razgrad,43.5333,26.5167,32.94,57,1,4.45,BG,2024-11-25
ribeira grande,38.5167,-28.7,67.77,94,13,7.0,PT,2024-11-25
ilulissat,69.2167,-51.1,24.82,74,100,16.11,GL,2024-11-25
valparaiso,-33.0393,-71.6273,71.24,45,0,16.11,CL,2024-11-25
beroroha,-21.6667,45.1667,80.58,56,42,2.68,MG,2024-11-25
ilave,-16.0833,-69.6667,53.35,67,0,6.04,PE,2024-11-25
east london,-33.0153,27.9116,69.48,74,96,19.33,ZA,2024-11-25
atafu village,-8.5421,-172.5159,83.84,74,9,18.14,TK,2024-11-25
vilyuysk,63.7553,121.6247,-7.64,88,100,6.69,RU,2024-11-25
lerwick,60.1545,-1.1494,43.61,86,100,33.13,GB,2024-11-25
cadale,2.7603,46.3222,80.24,83,31,11.21,SO,2024-11-25
chibuto,-24.6867,33.5306,71.42,82,0,9.01,MZ,2024-11-25
soio,-6.1349,12.3689,78.93,85,99,6.85,AO,2024-11-25
gereida,11.2811,25.1414,66.47,23,5,10.09,SD,2024-11-25
agadez,19.75,10.25,62.33,37,0,11.41,NE,2024-11-25
merritt,50.1123,-120.7942,26.33,76,87,3.0,CA,2024-11-25
puerto aysen,-45.4,-72.7,49.28,99,100,5.57,CL,2024-11-25
nogliki,51.8333,143.1667,17.46,78,35,6.53,RU,2024-11-25
kimbe,-5.5502,150.1429,88.63,61,56,2.55,PG,2024-11-25
clearlake,38.9582,-122.6264,49.82,94,100,3.36,US,2024-11-25
port elizabeth,-33.918,25.5701,65.32,92,0,19.57,ZA,2024-11-25
codrington,-38.2667,141.9667,76.24,54,33,4.43,AU,2024-11-25
tshabong,-26.05,22.45,81.25,30,6,12.48,BW,2024-11-25
cooper's town,26.8667,-77.5167,73.11,69,60,7.63,BS,2024-11-25
mangrol,21.1167,70.1167,72.75,46,89,10.16,IN,2024-11-25
kinango,-4.1372,39.3153,73.31,94,20,0.2,KE,2024-11-25
wailua homesteads,22.0669,-159.378,79.59,72,0,14.97,US,2024-11-25
ballina,-28.8667,153.5667,75.94,67,54,8.93,AU,2024-11-25
erdenet,49.0333,104.0833,8.37,71,97,5.53,MN,2024-11-25
aasiaat,68.7098,-52.8699,24.6,73,100,15.48,GL,2024-11-25
bengkulu,-3.8004,102.2655,76.15,89,100,8.19,ID,2024-11-25
aleksandrovskoye,44.7142,43.0008,37.09,99,100,3.87,RU,2024-11-25
kuanda,56.3161,116.0806,-19.07,96,75,0.69,RU,2024-11-25
impfondo,1.6381,18.0667,72.41,96,99,1.23,CG,2024-11-25
cascais,38.6979,-9.4215,61.5,76,100,1.01,PT,2024-11-25
vernon,50.2581,-119.2691,35.13,77,98,2.3,CA,2024-11-25
arraial do cabo,-22.9661,-42.0278,69.76,73,0,6.91,BR,2024-11-25
oruro,-17.9833,-67.15,51.22,64,100,6.04,BO,2024-11-25
kaoma,-14.7833,24.8,63.05,99,88,1.72,ZM,2024-11-25
rikaze,29.25,88.8833,25.2,65,0,3.44,CN,2024-11-25
port alfred,-33.5906,26.891,67.17,88,96,4.0,ZA,2024-11-25
kolonia,50.9333,6.95,50.13,83,0,5.75,DE,2024-11-25
caohe,30.2297,115.4335,44.73,43,40,2.8,CN,2024-11-25
terrace,54.5163,-128.6035,22.91,53,75,17.27,CA,2024-11-25
freetown,8.484,-13.2299,80.2,79,12,5.79,SL,2024-11-25
lata,40.1629,-8.3327,50.22,79,97,2.39,PT,2024-11-25
san antonio de pale,-1.4014,5.6325,78.75,83,100,10.94,GQ,2024-11-25
amga,60.8953,131.9608,-12.77,99,100,0.72,RU,2024-11-25
constantia,44.1833,28.65,25.48,54,49,6.8,RO,2024-11-25
bermeo,43.4209,-2.7215,47.82,80,41,6.93,ES,2024-11-25
dudinka,69.4058,86.1778,24.49,93,100,20.6,RU,2024-11-25
natal,-5.795,-35.2094,79.02,78,20,5.75,BR,2024-11-25
eyl,7.9803,49.8164,78.71,81,22,11.45,SO,2024-11-25
siwa oasis,29.2041,25.5195,56.66,59,21,7.85,EG,2024-11-25
esil,51.9556,66.4042,20.19,82,48,7.38,KZ,2024-11-25
klaksvik,62.2266,-6.589,38.57,65,100,33.24,FO,2024-11-25
bom jesus,-9.0744,-44.3586,73.08,87,86,1.39,BR,2024-11-25
chhabra,24.6667,76.8333,61.47,43,13,0.81,IN,2024-11-25
albertina,-22.2008,-46.6158,67.8,70,100,4.61,BR,2024-11-25
touros,-5.1989,-35.4608,77.88,75,28,11.5,BR,2024-11-25
loch garman,52.3342,-6.4575,42.89,95,19,3.0,IE,2024-11-25
santa terezinha,-29.9002,-50.0904,69.31,92,100,8.23,BR,2024-11-25
mezhdurechenskiy,59.6,65.9333,27.16,86,99,7.76,RU,2024-11-25
fuqing,25.725,119.3794,60.49,90,100,4.36,CN,2024-11-25
bartica,6.4,-58.6167,73.42,92,40,2.89,GY,2024-11-25
puerto santa,-8.9906,-78.6456,66.67,85,99,9.1,PE,2024-11-25
manismata,-2.4667,111.0333,77.23,93,100,1.3,ID,2024-11-25
acapulco de juarez,16.8634,-99.8901,85.82,70,20,6.91,MX,2024-11-25
calama,-22.4667,-68.9333,70.29,18,0,23.02,CL,2024-11-25
gondar,12.6,37.4667,56.46,81,36,3.91,ET,2024-11-25
remire-montjoly,4.9167,-52.2667,82.44,83,75,4.61,GF,2024-11-25
castillos,-34.1667,-53.8333,66.6,98,100,6.06,UY,2024-11-25
katsuren-haebaru,26.3369,127.8719,78.82,77,40,6.91,JP,2024-11-25
champerico,14.3,-91.9167,79.12,77,2,10.42,GT,2024-11-25
noumea,-22.2763,166.4572,74.53,92,99,9.01,NC,2024-11-25
kailua-kona,19.6406,-155.9956,83.28,70,0,16.11,US,2024-11-25
khovd,48.0056,91.6419,14.36,56,9,6.96,MN,2024-11-25
villa ojo de agua,-29.5,-63.6938,68.07,97,67,14.16,AR,2024-11-25
yatou,37.15,122.3833,35.42,51,0,18.12,CN,2024-11-25
afaahiti,-17.75,-149.2833,77.95,81,100,15.82,PF,2024-11-25
stelle,53.3842,10.1114,48.18,89,100,10.87,DE,2024-11-25
port hedland,-20.3167,118.5667,86.05,62,91,13.8,AU,2024-11-25
la huerta,19.4667,-104.65,74.7,85,63,3.85,MX,2024-11-25
jamestown,42.097,-79.2353,46.02,91,100,9.22,US,2024-11-25
mansourah,31.0364,31.3807,57.34,68,100,3.74,EG,2024-11-25
severo-yeniseyskiy,60.3725,93.0408,20.44,94,98,7.65,RU,2024-11-25
thompson,55.7435,-97.8558,10.56,85,100,9.22,CA,2024-11-25
akureyri,65.6835,-18.0878,24.73,54,0,20.71,IS,2024-11-25
daru,-9.0763,143.2092,81.9,85,74,12.41,PG,2024-11-25
sofifi,0.7349,127.576,83.07,76,74,1.66,ID,2024-11-25
minzhu,43.7286,127.3447,33.96,100,100,3.96,CN,2024-11-25
dalhem,50.7132,5.7277,48.7,92,100,10.29,BE,2024-11-25
tindouf,27.6711,-8.1474,68.45,26,0,4.61,DZ,2024-11-25
farmville,37.3021,-78.3919,52.12,66,75,0.0,US,2024-11-25
povolzhskiy,53.5854,49.7629,20.82,66,12,3.98,RU,2024-11-25
aykhal,66.0,111.5,-7.85,95,100,19.22,RU,2024-11-25
la passe,45.5549,-0.8967,54.0,83,23,13.73,FR,2024-11-25
san andres,12.5847,-81.7006,77.02,100,40,6.91,CO,2024-11-25
ashland,40.8167,-82.2665,54.27,97,100,11.83,US,2024-11-25
inverloch,-38.6333,145.7167,67.46,85,95,9.01,AU,2024-11-25
al artawiyah,26.5053,45.3444,65.59,65,57,9.64,SA,2024-11-25
peterhead,57.5058,-1.7981,46.49,80,100,27.31,GB,2024-11-25
rio hato,8.3833,-80.1667,80.15,83,40,4.61,PA,2024-11-25
kirakira,-10.4544,161.9205,86.23,69,84,7.83,SB,2024-11-25
cole harbour,44.6724,-63.4751,44.08,87,75,23.02,CA,2024-11-25
proletariy,58.4342,31.7046,35.71,85,92,15.95,RU,2024-11-25
evanston,42.0411,-87.6901,45.01,81,100,16.11,US,2024-11-25
raduzhny,62.0961,77.475,17.58,96,70,7.23,RU,2024-11-25
guerrero negro,27.9769,-114.0611,66.54,68,63,12.26,MX,2024-11-25
fukumitsu,36.55,136.8667,55.27,66,63,5.79,JP,2024-11-25
punta arenas,-53.15,-70.9167,51.91,62,0,10.36,CL,2024-11-25
razole,16.4833,81.8333,73.06,74,100,5.73,IN,2024-11-25
chibougamau,49.9168,-74.3659,29.82,100,100,4.61,CA,2024-11-25
lebu,-37.6167,-73.65,54.84,89,72,5.57,CL,2024-11-25
nagqu,31.5,92.0,14.67,27,14,2.13,CN,2024-11-25
tolanaro,-25.0319,46.9987,80.67,94,40,9.22,MG,2024-11-25
el nido,11.1858,119.3956,79.14,90,83,15.52,PH,2024-11-25
isafjordur,66.0755,-23.124,27.5,82,10,11.32,IS,2024-11-25
zeya,53.75,127.2667,15.62,94,100,6.31,RU,2024-11-25
al ain city,24.1917,55.7606,74.82,64,0,6.91,AE,2024-11-25
iskateley,67.6803,53.1512,31.26,93,100,29.8,RU,2024-11-25
shibetsu,43.659,145.132,32.7,69,20,3.44,JP,2024-11-25
portrush,55.1959,-6.6493,44.49,73,100,8.99,GB,2024-11-25
deshnoke,27.8,73.35,63.66,31,0,6.82,IN,2024-11-25
saldanha,-33.0117,17.9442,59.05,72,72,11.99,ZA,2024-11-25
kaohsiung,22.6163,120.3133,73.35,88,75,12.66,TW,2024-11-25
haiku-pauwela,20.9219,-156.3051,81.21,73,40,13.8,US,2024-11-25
port saint john's,-31.6229,29.5448,74.48,89,100,15.59,ZA,2024-11-25
alexandria,31.2156,29.9553,60.35,58,92,12.44,EG,2024-11-25
bako,5.7833,36.5667,62.13,87,64,3.56,ET,2024-11-25
mitsamiouli,-11.3847,43.2844,80.69,76,98,5.23,KM,2024-11-25
pikalevo,59.5183,34.1664,35.51,86,100,12.5,RU,2024-11-25
holualoa,19.6228,-155.9522,79.56,71,0,16.11,US,2024-11-25
baukau,51.5526,7.2042,49.14,89,100,9.44,DE,2024-11-25
acarau,-2.8856,-40.12,79.27,75,3,14.45,BR,2024-11-25
vila franca do campo,37.7167,-25.4333,66.61,99,100,15.66,PT,2024-11-25
lorengau,-2.0226,147.2712,83.55,82,98,9.44,PG,2024-11-25
yuzhno-kurilsk,44.0306,145.8556,37.92,61,10,12.24,RU,2024-11-25
fort st. john,56.2499,-120.8529,-5.91,84,20,8.05,CA,2024-11-25
prado,-17.3411,-39.2208,71.64,74,0,9.28,BR,2024-11-25
ebaye,8.7748,167.7392,84.22,79,75,19.57,MH,2024-11-25
fulshear,29.69,-95.8997,77.86,67,75,11.5,US,2024-11-25
cova figueira,14.8905,-24.2934,66.99,77,19,12.57,CV,2024-11-25
sorong,-0.8833,131.25,80.62,87,93,4.41,ID,2024-11-25
vadso,70.0744,29.7487,33.96,80,40,18.41,NO,2024-11-25
wewak,-3.5534,143.6268,81.79,83,98,1.83,PG,2024-11-25
mana,5.6592,-53.7767,79.74,88,41,10.2,GF,2024-11-25
iiyama,36.85,138.3667,50.14,56,71,9.01,JP,2024-11-25
ketchikan,55.3422,-131.6461,35.58,64,0,4.61,US,2024-11-25
oriximina,-1.7656,-55.8661,89.02,46,75,3.02,BR,2024-11-25
ironwood,46.4547,-90.171,31.01,100,100,5.75,US,2024-11-25
obo,5.3998,26.4869,68.68,69,27,1.97,CF,2024-11-25
invercargill,-46.4,168.35,59.02,73,47,18.99,NZ,2024-11-25
nuuk,64.1835,-51.7216,29.01,86,75,16.11,GL,2024-11-25
liuhe,42.2401,125.7172,25.07,95,100,9.95,CN,2024-11-25
cheboksary,56.1322,47.2519,28.99,100,100,4.47,RU,2024-11-25
camayenne,9.535,-13.6878,82.49,89,20,4.61,GN,2024-11-25
rabaul,-4.1967,152.1721,83.64,72,82,2.8,PG,2024-11-25
aguada de pasajeros,22.385,-80.8508,72.93,91,53,7.81,CU,2024-11-25
anadyr,64.75,177.4833,5.5,85,100,8.95,RU,2024-11-25
mount gambier,-37.8333,140.7667,77.94,60,76,4.9,AU,2024-11-25
bahraigh,27.5833,81.6,60.06,57,0,2.48,IN,2024-11-25
nadi,-17.8,177.4167,84.2,65,40,8.05,FJ,2024-11-25
mount isa,-20.7333,139.5,87.57,55,95,5.75,AU,2024-11-25
kapa'a,22.0752,-159.319,80.92,72,0,14.97,US,2024-11-25
queenstown,-31.8976,26.8753,67.41,74,87,0.96,ZA,2024-11-25
bouarfa,32.53,-1.95,52.12,49,97,2.46,MA,2024-11-25
bangassou,4.7413,22.8184,68.02,64,18,1.57,CF,2024-11-25
puerto baquerizo moreno,-0.9,-89.6,71.04,72,61,10.22,EC,2024-11-25
aso,32.9551,131.0967,57.16,92,99,10.6,JP,2024-11-25
hassi messaoud,31.6804,6.0729,58.89,56,21,4.94,DZ,2024-11-25
al hazm,16.1641,44.7769,65.77,33,20,1.34,YE,2024-11-25
wladyslawowo,54.7909,18.4009,51.94,66,97,13.38,PL,2024-11-25
san luis de la loma,17.2706,-100.8939,79.38,83,44,3.91,MX,2024-11-25
saint-philippe,-21.3585,55.7679,74.89,85,27,11.21,RE,2024-11-25
bull savanna,17.8868,-77.5902,75.02,87,100,10.29,JM,2024-11-25
nampula,-15.1165,39.2666,74.28,90,100,1.88,MZ,2024-11-25
hailar,49.2,119.7,9.19,95,100,10.4,CN,2024-11-25
tanaina,61.6269,-149.4281,33.87,95,100,3.44,US,2024-11-25
qarazhal,48.0078,70.7903,23.32,80,5,9.1,KZ,2024-11-25
petrolina,-9.3986,-40.5008,77.05,94,40,2.3,BR,2024-11-25
ust'-ilimsk,58.0006,102.6619,18.36,95,100,7.61,RU,2024-11-25
whakatane,-37.9585,176.9854,75.51,72,93,8.01,NZ,2024-11-25
gadzhiyevo,69.2551,33.3362,26.06,86,31,14.76,RU,2024-11-25
magnolia,33.2671,-93.2393,63.88,72,100,10.0,US,2024-11-25
sitka,57.0531,-135.33,33.73,85,100,4.9,US,2024-11-25
arboletes,8.8505,-76.4269,79.66,86,84,4.9,CO,2024-11-25
malango,-2.9627,119.9001,70.83,93,100,0.81,ID,2024-11-25
mil'kovo,55.6078,37.7956,29.3,68,100,8.3,RU,2024-11-25
carnarvon,-24.8667,113.6333,72.75,50,0,22.26,AU,2024-11-25
dongcun,36.7767,121.1597,32.85,46,0,20.54,CN,2024-11-25
pangody,65.85,74.4859,17.13,91,80,16.2,RU,2024-11-25
dunedin,-45.8742,170.5036,59.81,74,62,3.0,NZ,2024-11-25
klyuchi,52.2667,79.1667,10.76,94,28,4.47,RU,2024-11-25
si sa ket,14.8333,104.3333,72.18,88,20,5.66,TH,2024-11-25
carutapera,-1.195,-46.02,79.54,75,31,8.95,BR,2024-11-25
nabire,-3.3667,135.4833,84.85,70,84,0.54,ID,2024-11-25
bandarbeyla,9.4942,50.8122,78.6,79,14,13.56,SO,2024-11-25
northam,51.0333,-4.2167,46.62,84,12,16.22,GB,2024-11-25
sanming,26.2486,117.6186,52.47,88,64,2.89,CN,2024-11-25
sarupathar,26.1984,93.8094,57.43,91,20,2.57,IN,2024-11-25
dryden,49.7833,-92.7503,25.09,86,100,17.27,CA,2024-11-25
hasaki,35.7333,140.8333,59.02,53,73,3.98,JP,2024-11-25
yeraliyev,43.2,51.65,47.64,61,90,12.08,KZ,2024-11-25
zaozersk,69.4005,32.4476,22.21,87,43,9.01,RU,2024-11-25
ancud,-41.8697,-73.8203,50.79,87,21,8.75,CL,2024-11-25
najafabad,32.6344,51.3668,52.2,64,8,3.0,IR,2024-11-25
cabo san lucas,22.8909,-109.9124,80.91,47,75,4.61,MX,2024-11-25
khor,47.8861,134.9464,24.89,78,100,11.86,RU,2024-11-25
wildwood,38.5828,-90.6629,44.53,74,71,1.99,US,2024-11-25
taro,-8.3862,115.28,76.21,83,100,0.56,ID,2024-11-25
khabary,53.6259,79.5345,9.88,88,20,2.62,RU,2024-11-25
halden,59.1226,11.3871,45.05,85,59,16.17,NO,2024-11-25
cidreira,-30.1811,-50.2056,69.06,92,100,10.2,BR,2024-11-25
vikhorevka,56.1201,101.1636,19.9,88,100,11.72,RU,2024-11-25
katutura,-22.521,17.0557,73.9,32,21,5.91,NA,2024-11-25
susuman,62.7833,148.1667,-32.69,97,9,0.4,RU,2024-11-25
bang saphan,11.2126,99.5117,77.76,89,99,5.91,TH,2024-11-25
boda,4.3189,17.4695,74.01,53,9,3.56,CF,2024-11-25
quellon,-43.1167,-73.6167,51.21,84,52,6.78,CL,2024-11-25
kingston,17.997,-76.7936,81.55,69,75,16.11,JM,2024-11-25
sawakin,19.1059,37.3321,79.36,76,88,12.48,SD,2024-11-25
karratha,-20.7377,116.8463,84.49,46,96,10.02,AU,2024-11-25
santa rosa misiones,-26.8667,-56.85,84.92,38,99,5.84,PY,2024-11-25
slave lake,55.2834,-114.769,10.38,79,0,11.5,CA,2024-11-25
pacific grove,36.6177,-121.9166,64.08,93,100,21.0,US,2024-11-25
saudarkrokur,65.7461,-19.6394,17.56,68,2,16.22,IS,2024-11-25
howard springs,-12.497,131.047,88.83,76,98,3.36,AU,2024-11-25
peace river,56.2501,-117.286,1.71,85,0,0.0,CA,2024-11-25
barcelona,41.3888,2.159,62.67,87,40,2.3,ES,2024-11-25
colinas,-6.0258,-44.2492,76.73,82,92,0.98,BR,2024-11-25
labrador city,52.9463,-66.9114,31.17,97,75,21.99,CA,2024-11-25
callao,-12.0667,-77.15,74.71,77,0,13.8,PE,2024-11-25
jayapura,-2.5333,140.7,81.79,91,100,3.62,ID,2024-11-25
mount darwin,-16.7725,31.5838,69.62,79,71,3.24,ZW,2024-11-25
hobyo,5.3505,48.5268,80.11,80,56,11.1,SO,2024-11-25
kuybyshev,55.4475,78.3218,8.98,85,54,2.44,RU,2024-11-25
adzope,6.1069,-3.8619,73.71,92,46,2.06,CI,2024-11-25
rio grande,-32.035,-52.0986,70.7,87,100,6.11,BR,2024-11-25
ciudad del maiz,22.4,-99.6,61.63,85,3,5.82,MX,2024-11-25
igarka,67.4667,86.5833,16.61,93,92,11.61,RU,2024-11-25
dubna,56.7333,37.1667,30.51,72,99,10.51,RU,2024-11-25
avarua,-21.2078,-159.775,78.85,78,40,10.36,CK,2024-11-25
colchani,-20.3,-66.9333,57.9,54,70,16.44,BO,2024-11-25
ban huai thalaeng,14.9833,102.65,71.71,85,20,8.77,TH,2024-11-25
sabang,5.8933,95.3214,80.55,84,100,13.44,ID,2024-11-25
usinsk,65.9939,57.5281,26.2,94,100,35.63,RU,2024-11-25
inhambane,-23.865,35.3833,75.29,81,0,9.08,MZ,2024-11-25
prince george,53.9166,-122.753,8.62,85,100,3.44,CA,2024-11-25
bathurst,-33.4166,149.5806,86.97,40,59,3.0,AU,2024-11-25
i-n-salah,27.1935,2.4607,66.78,37,0,17.92,DZ,2024-11-25
grand-bourg,15.8835,-61.3148,83.19,76,34,24.96,GP,2024-11-25
antonio enes,-16.2325,39.9086,78.06,81,43,0.29,MZ,2024-11-25
fort-shevchenko,44.5086,50.263,49.14,59,100,8.61,KZ,2024-11-25
tanabe,33.7333,135.3667,65.41,68,75,21.85,JP,2024-11-25
sinabang,2.4803,96.3801,75.58,95,100,2.28,ID,2024-11-25
aioun,16.6614,-9.6149,76.68,13,0,11.34,MR,2024-11-25
changzhi,35.2089,111.7386,32.04,31,0,11.97,CN,2024-11-25
dwarka,22.2394,68.9678,76.17,51,3,8.57,IN,2024-11-25
mariinskiy posad,56.115,47.718,29.34,97,59,2.19,RU,2024-11-25
shippensburg,40.0507,-77.5203,50.67,79,99,2.3,US,2024-11-25
zhob,31.3411,69.4481,49.71,44,0,5.53,PK,2024-11-25
lamesa,32.7376,-101.951,50.97,44,100,11.18,US,2024-11-25
sijunjung,-0.6876,100.9537,73.13,97,100,0.89,ID,2024-11-25
alice springs,-23.7,133.8833,80.15,65,100,13.8,AU,2024-11-25
vicuna,-30.0319,-70.7081,81.32,37,4,7.0,CL,2024-11-25
pimentel,-6.8367,-79.9342,70.09,78,0,19.57,PE,2024-11-25
sumbawanga,-7.9667,31.6167,58.84,93,82,1.63,TZ,2024-11-25
port macquarie,-31.4333,152.9167,77.07,73,4,11.01,AU,2024-11-25
kujama,10.4542,7.6368,62.2,31,16,6.42,NG,2024-11-25
laguna,38.421,-121.4238,57.22,85,100,6.91,US,2024-11-25
formosa do rio preto,-11.0483,-45.1931,70.92,96,94,3.36,BR,2024-11-25
strasburg,48.5834,7.743,52.92,93,75,1.14,FR,2024-11-25
la carlota,10.4233,122.9208,82.62,73,95,6.55,PH,2024-11-25
luganville,-15.5333,167.1667,86.13,70,54,4.61,VU,2024-11-25
shimoda,34.6667,138.95,57.9,68,94,10.18,JP,2024-11-25
jiehu,35.5428,118.455,32.18,43,2,11.54,CN,2024-11-25
berdychiv,49.8993,28.6024,23.2,82,6,9.04,UA,2024-11-25
christchurch,-43.5333,172.6333,65.95,65,8,3.0,NZ,2024-11-25
siluko,6.5386,5.1609,75.11,91,81,2.37,NG,2024-11-25
tual,-5.6667,132.75,84.27,71,78,2.89,ID,2024-11-25
apatity,67.5641,33.4031,34.16,99,100,5.37,RU,2024-11-25
savelugu,9.6244,-0.8253,76.03,20,12,5.86,GH,2024-11-25
kusa,55.3383,59.4406,22.57,93,13,2.35,RU,2024-11-25
bratsk,56.1325,101.6142,16.29,86,100,11.65,RU,2024-11-25
hithadhoo,-0.6,73.0833,82.76,77,91,16.64,MV,2024-11-25
msaken,35.7292,10.5808,58.46,82,20,8.05,TN,2024-11-25
fale old settlement,-9.3852,-171.2468,83.93,74,38,15.82,TK,2024-11-25
hard bargain,26.3167,-77.5667,75.67,68,87,11.16,BS,2024-11-25
planaltina,-15.4528,-47.6142,65.93,95,34,6.13,BR,2024-11-25
sainte-anne-des-monts,49.124,-66.4924,39.07,100,100,4.61,CA,2024-11-25
uzhur,55.3036,89.8339,12.54,89,79,5.19,RU,2024-11-25
san patricio,28.017,-97.5169,82.35,66,5,11.81,US,2024-11-25
makaha,21.4694,-158.2175,81.99,57,75,6.91,US,2024-11-25
mirny,62.5353,113.9611,-3.1,87,100,13.06,RU,2024-11-25
pointe-noire,-4.7761,11.8635,78.1,89,100,5.88,CG,2024-11-25
brookings,44.3114,-96.7984,20.05,78,0,10.36,US,2024-11-25
huanuco,-9.9329,-76.2415,66.42,92,98,4.25,PE,2024-11-25
paratinga,-12.6906,-43.1842,71.87,92,93,3.44,BR,2024-11-25
aksuat,48.7167,83.7,17.17,73,15,3.71,KZ,2024-11-25
verkhnevilyuysk,63.4453,120.3167,-6.43,93,100,6.98,RU,2024-11-25
yeniseysk,58.4497,92.1703,13.53,96,94,3.74,RU,2024-11-25
mariehamn,60.0973,19.9348,44.46,93,100,14.97,AX,2024-11-25
kirriemuir,56.674,-3.0034,40.55,85,100,7.63,GB,2024-11-25
port-vila,-17.7338,168.3219,85.6,74,40,5.75,VU,2024-11-25
big spring,32.2504,-101.4787,48.65,59,0,11.5,US,2024-11-25
hudson,40.7168,-74.0663,52.02,53,20,8.05,US,2024-11-25
auki,-8.7676,160.7034,89.91,57,52,4.27,SB,2024-11-25
norilsk,69.3535,88.2027,24.19,92,100,17.96,RU,2024-11-25
kone,-21.0595,164.8658,86.11,60,90,4.68,NC,2024-11-25
labasa,-16.4167,179.3833,80.2,78,99,2.86,FJ,2024-11-25
new norfolk,-42.7826,147.0587,70.72,41,27,3.62,AU,2024-11-25
hotan,37.0997,79.9269,36.01,37,87,3.53,CN,2024-11-25
dawesville,30.9224,-84.0091,67.35,82,40,1.01,US,2024-11-25
atar,20.5169,-13.0499,79.63,13,0,8.43,MR,2024-11-25
chongwe,-15.3292,28.682,69.21,79,99,1.3,ZM,2024-11-25
nafplio,37.5683,22.8053,48.43,48,0,3.94,GR,2024-11-25
island harbour,50.724,-1.2758,48.02,68,75,3.0,GB,2024-11-25
kasumkent,41.6773,48.146,39.96,96,100,4.5,RU,2024-11-25
kasongo-lunda,-6.4667,16.8167,68.56,98,99,0.47,CD,2024-11-25
nur-sultan,51.1801,71.446,17.55,79,0,13.42,KZ,2024-11-25
caleta de carquin,-11.0925,-77.6267,67.71,82,94,11.34,PE,2024-11-25
taltal,-25.4,-70.4833,64.08,81,36,3.91,CL,2024-11-25
yebaishou,41.3975,119.6408,20.07,58,0,15.48,CN,2024-11-25
toliara,-23.35,43.6667,78.71,74,36,3.53,MG,2024-11-25
perbaungan,3.5679,98.956,76.69,92,100,3.33,ID,2024-11-25
laojunmiao,39.8333,97.7333,16.45,39,62,5.84,CN,2024-11-25
bereket,39.2446,55.5154,53.58,66,49,10.51,TM,2024-11-25
tbeng meanchey,13.8167,104.9667,73.87,88,54,1.3,KH,2024-11-25
mugia,43.1041,-9.2179,54.91,71,88,13.67,ES,2024-11-25
san luis,-33.295,-66.3356,73.81,68,33,11.18,AR,2024-11-25
luderitz,-26.6481,15.1594,60.76,75,46,15.95,NA,2024-11-25
ceeldheer,3.8488,47.1806,79.29,84,36,11.05,SO,2024-11-25
nova vicosa,-17.8919,-39.3719,73.9,66,5,9.28,BR,2024-11-25
sao tome,0.3365,6.7273,79.03,82,99,1.63,ST,2024-11-25
przysucha,51.3586,20.6289,36.57,86,25,5.77,PL,2024-11-25
qui nhon,13.7667,109.2333,74.66,91,98,9.13,VN,2024-11-25
cedeira,43.6797,-8.0209,50.97,100,57,15.23,ES,2024-11-25
borogontsy,62.6683,131.1683,-15.21,99,99,1.7,RU,2024-11-25
pamandzi,-12.7967,45.2794,78.58,89,0,3.44,YT,2024-11-25
pechora,65.1472,57.2244,25.88,88,100,24.23,RU,2024-11-25
staryye ozinki,51.1786,49.6769,30.09,68,99,7.4,RU,2024-11-25
tianfu,37.1936,122.0511,35.55,50,0,17.6,CN,2024-11-25
planeta rica,8.4147,-75.5883,77.88,89,85,8.16,CO,2024-11-25
dul'durga,50.6761,113.5931,-5.55,92,60,6.38,RU,2024-11-25
twentynine palms,34.1356,-116.0542,66.52,34,41,1.81,US,2024-11-25
selkirk,50.1436,-96.8845,14.18,90,100,4.0,CA,2024-11-25
suva,-18.1416,178.4415,83.68,79,75,6.91,FJ,2024-11-25
nikopol,47.5712,34.3964,30.18,66,72,12.97,UA,2024-11-25
moree,-29.4667,149.85,84.43,36,7,14.0,AU,2024-11-25
greymouth,-42.4667,171.2,63.68,75,62,10.71,NZ,2024-11-25
margate,51.3813,1.3862,46.69,78,80,16.98,GB,2024-11-25
shiyan,32.6475,110.7781,38.12,71,13,3.71,CN,2024-11-25
namibe,-15.1961,12.1522,68.36,80,26,8.25,AO,2024-11-25
la romana,18.4273,-68.9728,79.16,83,20,0.0,DO,2024-11-25
gadani,25.1185,66.7299,77.94,65,0,6.82,PK,2024-11-25
morococha,-11.5997,-76.1411,40.51,82,100,1.28,PE,2024-11-25
hinton,53.4001,-117.5857,12.09,98,19,2.66,CA,2024-11-25
conception bay south,47.4999,-52.9981,42.44,97,100,3.0,CA,2024-11-25
kodinsk,58.6881,99.1844,22.46,91,100,10.42,RU,2024-11-25
onega,63.9061,38.1404,37.33,91,100,15.57,RU,2024-11-25
elko,41.0002,-115.5012,36.73,78,87,27.0,US,2024-11-25
las lomitas,-24.7096,-60.593,95.83,31,89,10.98,AR,2024-11-25
lospalos,-8.5186,127.0025,84.87,57,87,1.28,TL,2024-11-25
ca mau,9.1769,105.15,78.78,84,100,8.99,VN,2024-11-25
north bend,43.4065,-124.2243,49.24,93,100,6.91,US,2024-11-25
pontianak,-0.0333,109.3333,75.18,100,100,2.3,ID,2024-11-25
winnemucca,40.973,-117.7357,44.65,42,100,9.22,US,2024-11-25
altamira,-3.2033,-52.2064,81.41,64,80,6.82,BR,2024-11-25
crane,31.3974,-102.3501,56.3,38,97,13.87,US,2024-11-25
worland,44.0169,-107.9554,37.85,50,0,5.75,US,2024-11-25
korla,41.7597,86.1469,31.53,55,0,12.26,CN,2024-11-25
palopo,-2.9996,120.1921,80.64,81,100,1.23,ID,2024-11-25
aguilas,37.4063,-1.5829,64.54,66,11,3.02,ES,2024-11-25
boundiali,9.5217,-6.4869,70.65,31,18,2.04,CI,2024-11-25
kalmunai,7.4167,81.8167,74.41,97,100,10.07,LK,2024-11-25
fort mcmurray,56.7268,-111.381,6.39,78,100,10.36,CA,2024-11-25
mogadishu,2.0371,45.3438,80.01,85,27,10.78,SO,2024-11-25
usoke,-5.1667,32.35,66.96,88,97,2.68,TZ,2024-11-25
jwaneng,-24.6004,24.7303,70.81,57,50,4.79,BW,2024-11-25
tarfaya,27.9358,-12.9218,69.53,82,51,10.2,MA,2024-11-25
charters towers,-20.1,146.2667,83.52,50,70,11.95,AU,2024-11-25
las heras,-46.5419,-68.9359,61.61,38,99,16.89,AR,2024-11-25
sona,45.4388,10.8255,44.85,91,75,1.14,IT,2024-11-25
angul,20.85,85.1,58.64,73,93,4.18,IN,2024-11-25
leava,-14.3,-178.1667,82.04,77,86,9.6,WF,2024-11-25
franceville,-1.6333,13.5836,70.97,99,100,1.32,GA,2024-11-25
maceio,-9.6658,-35.7353,78.24,88,20,11.5,BR,2024-11-25
hernando,28.5419,-82.4582,62.44,66,0,1.99,US,2024-11-25
linxia chengguanzhen,35.6003,103.2064,19.26,63,87,2.15,CN,2024-11-25
torghay,49.6339,63.4981,30.16,71,0,9.48,KZ,2024-11-25
poronaysk,49.2167,143.1167,22.05,69,38,1.86,RU,2024-11-25
pompeu,-19.2244,-44.9353,70.48,68,68,3.78,BR,2024-11-25
topeka,39.0483,-95.678,39.58,49,0,11.5,US,2024-11-25
tsiombe,-25.3,45.4833,75.54,92,82,11.16,MG,2024-11-25
dasoguz,41.8363,59.9666,35.55,75,0,6.91,TM,2024-11-25
xinyuan,37.3,99.0,0.05,58,14,7.63,CN,2024-11-25
coronel suarez,-37.4547,-61.9334,73.17,46,88,14.32,AR,2024-11-25
fortuna,40.5982,-124.1573,56.32,82,75,4.61,US,2024-11-25
adra,36.7496,-3.0206,64.45,67,24,6.15,ES,2024-11-25
uusikaupunki,60.8004,21.4084,43.63,98,100,17.72,FI,2024-11-25
tinghir,31.5157,-5.5343,54.46,56,18,1.88,MA,2024-11-25
bubaque,11.2833,-15.8333,83.73,64,0,11.86,GW,2024-11-25
chifeng,42.2683,118.9636,17.56,41,19,18.95,CN,2024-11-25
chernyshevskiy,63.0128,112.4714,-4.56,96,100,12.1,RU,2024-11-25
drama,41.1544,24.1394,38.86,48,25,3.04,GR,2024-11-25
mount pearl,47.5166,-52.7813,41.32,97,100,2.3,CA,2024-11-25
nadym,65.5333,72.5167,17.71,89,70,18.84,RU,2024-11-25
yuyao,30.05,121.1494,47.03,72,39,14.88,CN,2024-11-25
astorga,-23.2325,-51.6656,73.72,40,4,6.49,BR,2024-11-25
palmer,42.1584,-72.3287,41.95,65,75,4.61,US,2024-11-25
san carlos,9.6612,-68.5827,77.95,79,97,3.98,VE,2024-11-25
saeby,57.3319,10.5225,46.31,82,100,18.66,DK,2024-11-25
cabedelo,-6.9811,-34.8339,79.47,76,4,8.68,BR,2024-11-25
sangamner,19.5667,74.2167,58.68,62,71,2.84,IN,2024-11-25
shelui,-4.3667,34.2,69.67,80,63,1.61,TZ,2024-11-25
dawson creek,55.7666,-120.2362,-9.76,77,0,0.0,CA,2024-11-25
trondheim,63.4305,10.3951,40.91,75,95,1.01,NO,2024-11-25
wagar,16.1525,36.2032,75.38,22,0,13.33,SD,2024-11-25
bikenibeu village,1.3673,173.1241,89.56,55,20,18.41,KI,2024-11-25
seydi,39.4816,62.9137,49.73,48,0,8.01,TM,2024-11-25
la libertad,-2.2333,-80.9,74.86,83,40,11.1,EC,2024-11-25
sault ste. marie,46.5168,-84.3333,32.29,93,100,11.5,CA,2024-11-25
portland,45.5234,-122.6762,51.94,82,75,5.99,US,2024-11-25
madinat ash shamal,26.1293,51.2009,75.52,64,12,5.84,QA,2024-11-25
filiatra,37.15,21.5833,55.9,54,0,5.64,GR,2024-11-25
abadeh,31.1608,52.6506,45.05,84,70,8.43,IR,2024-11-25
praia da vitoria,38.7333,-27.0667,64.65,82,0,5.79,PT,2024-11-25
buka,40.8108,69.1986,47.48,32,69,1.45,UZ,2024-11-25
panaba,21.2833,-88.2667,70.14,86,0,7.65,MX,2024-11-25
badarpur,24.9,92.6,59.86,79,10,3.42,IN,2024-11-25
krasnyy chikoy,50.3643,108.7512,-1.86,99,100,3.24,RU,2024-11-25
kiunga,-6.1219,141.2906,83.91,75,97,1.36,PG,2024-11-25
